{
  "arrendatorsvägen 2 a, 14162 huddinge, sweden": [
    59.239481,
    17.991528
  ],
  "bergakungsvägen 19, 14141 huddinge, sweden": [
    59.2577943,
    17.9706726
  ],
  "botkyrkavägen 9, 14330 vårby, sweden": [
    59.2520595,
    17.8784281
  ],
  "brovaktarvägen 28, 14173 segeltorp, sweden": [
    59.2633464764949,
    17.963422468995333
  ],
  "brötvägen 19, 14141 huddinge, sweden": [
    59.2570886,
    17.9641123
  ],
  "bäckgårdsvägen 2, 14342 vårby, sweden": [
    59.2662499,
    17.88767
  ],
  "bäckgårdsvägen 26, 14342 vårby, sweden": [
    59.2662499,
    17.88767
  ],
  "bäckgårdsvägen 36, 14342 vårby, sweden": [
    59.2662499,
    17.88767
  ],
  "bäckgårdsvägen 6, 14342 vårby, sweden": [
    59.2662499,
    17.88767
  ],
  "centralvägen 11 b, 14146 huddinge, sweden": [
    59.2321346,
    17.9908976
  ],
  "diagnosvägen 1 f, 14153 huddinge, sweden": [
    59.224638,
    17.9425016
  ],
  "diagnosvägen 13 c, 14154 huddinge, sweden": [
    59.224638,
    17.9425016
  ],
  "diagnosvägen 1f, 14153 huddinge, sweden": [
    59.224638,
    17.9425016
  ],
  "diagnosvägen 4 a, 14154 huddinge, sweden": [
    59.224638,
    17.9425016
  ],
  "diagnosvägen 4 d, 14154 huddinge, sweden": [
    59.224638,
    17.9425016
  ],
  "diagnosvägen 5 d, 14153 huddinge, sweden": [
    59.224638,
    17.9425016
  ],
  "diagnosvägen 7 d, 14153 huddinge, sweden": [
    59.224638,
    17.9425016
  ],
  "dalvägen 18, 14171 segeltorp, sweden": [
    59.2791971,
    17.9523872
  ],
  "diagnosvägen 17 a, 14154 huddinge, sweden": [
    59.224638,
    17.9425016
  ],
  "dialoggatan 1, 14175 kungens kurva, sweden": [
    59.2647353,
    17.9122028
  ],
  "fullerstatorget 14, 14135 huddinge, sweden": [
    59.241738,
    17.986285
  ],
  "gamla stockholmsvägen 227 b, 14132 huddinge, sweden": [
    59.2430898,
    17.9188631
  ],
  "granbacken 19, 14131 huddinge, sweden": [
    59.228,
    17.982
  ],
  "hagvägen 2 b, 14170 segeltorp, sweden": [
    59.2737202,
    17.9351455
  ],
  "hörningsnäsvägen 32, 14146 huddinge, sweden": [
    59.2339833,
    17.9925038
  ],
  "jasminvägen 3, 14142 huddinge, sweden": [
    59.2424412,
    18.0200192
  ],
  "klarabergsvägen 7, 14145 huddinge, sweden": [
    59.2341101,
    17.9938665
  ],
  "klockarvägen 1, 14161 huddinge, sweden": [
    59.2382848,
    17.9847751
  ],
  "kommunalvägen 24, 14161 huddinge, sweden": [
    59.2385769,
    17.9843633
  ],
  "kyrkängsbacken 20, 14135 huddinge, sweden": [
    59.2392325,
    17.9755905
  ],
  "kvarnbergsplan 14, 14145 huddinge, sweden": [
    59.2349925,
    18.000045
  ],
  "kyrkängsbacken 14, 14135 huddinge, sweden": [
    59.2396296,
    17.9764414
  ],
  "lagmansvägen 11, 14162 huddinge, sweden": [
    59.2362361,
    17.9908295
  ],
  "lagmansvägen 29, 14162 huddinge, sweden": [
    59.2362361,
    17.9908295
  ],
  "lammholmsbacken 236, 14347 vårby, sweden": [
    59.2689751,
    17.8844603
  ],
  "lillskogsvägen 2, 14139 huddinge, sweden": [
    59.2573165,
    17.995351
  ],
  "lännavägen 4, 14163 huddinge, sweden": [
    59.2403288,
    17.9951609
  ],
  "lännavägen 6 b, 14163 huddinge, sweden": [
    59.1730708,
    18.0627116
  ],
  "lövdalsvägen 54, 14173 segeltorp, sweden": [
    59.264259,
    17.9608062
  ],
  "lövsångarvägen 25, 14172 segeltorp, sweden": [
    59.2725073,
    17.9456779
  ],
  "mogårdsvägen 43, 14343 vårby, sweden": [
    59.2643667,
    17.8908316
  ],
  "mogårdsvägen 5, 14343 vårby, sweden": [
    59.2643667,
    17.8908316
  ],
  "mossvägen 56, 14144 huddinge, sweden": [
    59.238847,
    17.9605585
  ],
  "mossvägen 70, 14144 huddinge, sweden": [
    59.238847,
    17.9605585
  ],
  "mossvägen 92, 14144 huddinge, sweden": [
    59.238847,
    17.9605585
  ],
  "myrmarksvägen 69, 14143 huddinge, sweden": [
    59.2526526,
    17.9791121
  ],
  "myrmarksvägen 77, 14143 huddinge, sweden": [
    59.2526526,
    17.9791121
  ],
  "myrstuguvägen 365, 14332 vårby, sweden": [
    59.2486396,
    17.8800048
  ],
  "myrstuguvägen 45, 14332 vårby, sweden": [
    59.2452014,
    17.8793476
  ],
  "myrstuguvägen 47, 14332 vårby, sweden": [
    59.250483,
    17.847689
  ],
  "paradistorget 2 c, 14147 huddinge, sweden": [
    59.2343342,
    17.9808972
  ],
  "patron pehrsväg 36, 14135 huddinge, sweden": [
    59.2359784,
    17.9772621
  ],
  "runvägen 10, 14148 huddinge, sweden": [
    59.2402457,
    17.9978832
  ],
  "runvägen 8, 14148 huddinge, sweden": [
    59.2398682,
    17.9982392
  ],
  "rådsstigen 5c, 14148 huddinge, sweden": [
    59.238917,
    18.016969
  ],
  "rådstuguvägen 3, 14135 huddinge, sweden": [
    59.2388473,
    17.9794941
  ],
  "rådsvägen 12, 14148 huddinge, sweden": [
    59.2425614,
    17.9947337
  ],
  "rådsvägen 5 f, 14148 huddinge, sweden": [
    59.2425614,
    17.9947337
  ],
  "rådsvägen 8, 14148 huddinge, sweden": [
    59.2425614,
    17.9947337
  ],
  "sjödalsbacken 1, 14161 huddinge, sweden": [
    59.2352538,
    17.9863389
  ],
  "sjödalsbacken 9, 14161 huddinge, sweden": [
    59.2352538,
    17.9863389
  ],
  "sjödalsvägen 26, 14147 huddinge, sweden": [
    59.2346131,
    17.985004
  ],
  "sjödalsvägen 28, 14147 huddinge, sweden": [
    59.2346131,
    17.985004
  ],
  "sjöstigen 16, 14172 segeltorp, sweden": [
    59.2719665,
    17.9552744
  ],
  "skansbergsvägen 56b, 14174 segeltorp, sweden": [
    59.2790307,
    17.9279982
  ],
  "skatvägen 12, 14172 segeltorp, sweden": [
    59.268639,
    17.9523092
  ],
  "solfagravägen 17, 14148 huddinge, sweden": [
    59.2376149,
    18.0016522
  ],
  "solfagravägen 9, 14148 huddinge, sweden": [
    59.2395782,
    17.9963212
  ],
  "solfagravägen 93, 14142 huddinge, sweden": [
    59.2320393,
    18.0139102
  ],
  "solvägen 45, 14146 huddinge, sweden": [
    59.2336297,
    17.9828046
  ],
  "stambanevägen 17, 14143 huddinge, sweden": [
    59.2448648,
    17.9893863
  ],
  "stambanevägen 28, 14139 huddinge, sweden": [
    59.2541331,
    17.9948955
  ],
  "stationsvägen 33, 14140 huddinge, sweden": [
    59.2509564,
    17.9979301
  ],
  "sandstensvägen 3, 14139 huddinge, sweden": [
    59.2575851,
    17.9874282
  ],
  "sjödalsvägen 16, 14147 huddinge, sweden": [
    59.2347239,
    17.983601
  ],
  "småbruksbacken 37, 14158 huddinge, sweden": [
    59.214313,
    17.955013
  ],
  "sågstuvägen 1 f, 14149 huddinge, sweden": [
    59.2183734,
    17.9581302
  ],
  "sågstuvägen 2 d, 14149 huddinge, sweden": [
    59.2172983,
    17.9579768
  ],
  "sågstuvägen 25, 14149 huddinge, sweden": [
    59.219453,
    17.9634269
  ],
  "sågstuvägen 44, 14149 huddinge, sweden": [
    59.2186048,
    17.9652953
  ],
  "sågstuvägen 46, 14149 huddinge, sweden": [
    59.2186221,
    17.9650978
  ],
  "talldalsvägen 32, 14169 huddinge, sweden": [
    59.2399459,
    17.9388306
  ],
  "teknikervägen 36, 14173 segeltorp, sweden": [
    59.261515033030534,
    17.9625241689952
  ],
  "terapivägen 10 e, 14155 huddinge, sweden": [
    59.2232958,
    17.9494929
  ],
  "terapivägen 12 a, 14156 huddinge, sweden": [
    59.2232958,
    17.9494929
  ],
  "terapivägen 14 a, 14156 huddinge, sweden": [
    59.2228025,
    17.948873
  ],
  "terapivägen 16 a, 14156 huddinge, sweden": [
    59.2220076,
    17.947814
  ],
  "terapivägen 4 e, 14155 huddinge, sweden": [
    59.2232958,
    17.9494929
  ],
  "teknikervägen 32, 14173 segeltorp, sweden": [
    59.261515033030534,
    17.9625241689952
  ],
  "täljstensvägen 5, 14134 huddinge, sweden": [
    59.2245693,
    18.0100568
  ],
  "urbergsvägen 31, 14139 huddinge, sweden": [
    59.2585465,
    17.9821578
  ],
  "uvvägen 3, 14172 segeltorp, sweden": [
    59.2663986,
    17.9503728
  ],
  "visättravägen 17, 14150 huddinge, sweden": [
    59.2166205,
    17.9554674
  ],
  "visättravägen 49, 14150 huddinge, sweden": [
    59.2163414,
    17.9509643
  ],
  "visättravägen 75, 14150 huddinge, sweden": [
    59.2156302,
    17.9460689
  ],
  "visättravägen 15, 14150 huddinge, sweden": [
    59.2167437,
    17.9554223
  ],